,21_36225611_C_G,14_37841528_A_G,16_634579_C_T,21_39779236_T_C,9_83311898_A_T,11_94104605_C_A,2_217893477_T_G
P_001_1,0.0,0.0,1.0,0.0,1.0,0.0,0.0
P_002_1,0.0,0.0,1.0,0.0,1.0,0.0,0.0
P_003_1,0.0,0.0,0.0,1.0,0.0,0.0,0.0
P_004_1,0.0,0.0,1.0,0.0,0.0,0.0,0.0
P_005_1,0.0,0.0,1.0,0.0,0.0,0.0,0.0
P_006_1,0.0,0.0,1.0,0.0,0.0,0.0,0.0
P_007_1,0.0,0.0,0.0,0.0,0.0,0.0,1.0
P_008_1,0.0,1.0,1.0,0.0,0.0,0.0,0.0
P_009_1,0.0,0.0,1.0,0.0,0.0,0.0,0.0
P_010_1,0.0,0.0,1.0,0.0,0.0,0.0,0.0
P_011_1,0.0,0.0,1.0,0.0,0.0,0.0,0.0
P_012_1,0.0,0.0,0.0,0.0,0.0,0.0,0.0
P_013_1,0.0,0.0,0.0,0.0,0.0,0.0,0.0
P_014_1,0.0,1.0,0.0,0.0,1.0,0.0,0.0
P_015_1,0.0,1.0,0.0,0.0,1.0,0.0,0.0
P_016_1,0.0,0.0,1.0,0.0,0.0,0.0,0.0
P_017_1,0.0,0.0,0.0,0.0,0.0,0.0,1.0
P_018_1,0.0,0.0,0.0,0.0,0.0,0.0,0.0
P_019_1,1.0,0.0,0.0,0.0,0.0,0.0,0.0
P_020_1,0.0,0.0,0.0,0.0,0.0,0.0,0.0
P_021_1,0.0,0.0,1.0,0.0,0.0,0.0,0.0
P_023_1,0.0,0.0,1.0,0.0,1.0,0.0,0.0
P_024_1,0.0,0.0,1.0,0.0,0.0,0.0,0.0
P_025_1,0.0,0.0,0.0,1.0,0.0,0.0,0.0
P_026_1,0.0,0.0,0.0,0.0,0.0,0.0,0.0
P_027_1,0.0,1.0,1.0,0.0,0.0,0.0,0.0
P_028_1,1.0,0.0,1.0,0.0,1.0,0.0,0.0
P_029_1,1.0,0.0,0.0,0.0,1.0,0.0,0.0
P_030_1,0.0,0.0,1.0,0.0,0.0,0.0,0.0
P_031_1,0.0,1.0,0.0,0.0,0.0,0.0,0.0
P_032_1,0.0,0.0,1.0,0.0,0.0,0.0,0.0
P_033_1,0.0,0.0,0.0,0.0,0.0,0.0,0.0
P_034_1,0.0,0.0,1.0,0.0,0.0,1.0,0.0
P_035_1,0.0,0.0,1.0,0.0,0.0,0.0,0.0
P_036_1,0.0,0.0,0.0,0.0,0.0,0.0,0.0
P_037_1,1.0,0.0,0.0,0.0,0.0,0.0,0.0
P_038_1,0.0,0.0,1.0,0.0,0.0,0.0,0.0
P_039_1,0.0,0.0,1.0,0.0,0.0,0.0,0.0
P_040_1,0.0,0.0,0.0,0.0,0.0,0.0,0.0
P_041_1,0.0,0.0,1.0,0.0,0.0,0.0,0.0
P_043_1,0.0,0.0,1.0,0.0,0.0,0.0,0.0
P_044_1,0.0,0.0,0.0,0.0,0.0,0.0,0.0
P_045_1,1.0,0.0,0.0,0.0,0.0,0.0,0.0
P_046_1,0.0,0.0,1.0,0.0,1.0,0.0,0.0
P_047_1,0.0,0.0,1.0,0.0,1.0,0.0,0.0
P_048_1,0.0,0.0,0.0,0.0,0.0,0.0,0.0
P_049_1,1.0,0.0,0.0,1.0,0.0,0.0,0.0
P_050_1,0.0,0.0,0.0,0.0,0.0,0.0,0.0
P_051_1,0.0,0.0,1.0,0.0,0.0,0.0,0.0
P_052_1,0.0,0.0,0.0,0.0,0.0,0.0,0.0
P_053_1,0.0,0.0,0.0,0.0,0.0,0.0,0.0
P_054_1,0.0,0.0,0.0,0.0,0.0,0.0,0.0
P_055_1,0.0,0.0,0.0,0.0,0.0,0.0,0.0
P_056_1,0.0,0.0,1.0,0.0,0.0,0.0,0.0
P_057_1,0.0,0.0,0.0,0.0,0.0,0.0,0.0
P_058_1,0.0,0.0,0.0,0.0,0.0,0.0,0.0
P_059_1,0.0,0.0,1.0,0.0,0.0,0.0,0.0
P_060_1,0.0,0.0,0.0,0.0,0.0,0.0,0.0
P_061_1,0.0,0.0,0.0,0.0,0.0,0.0,0.0
P_062_1,0.0,0.0,1.0,0.0,1.0,0.0,0.0
